Nama Produk,Variasi,COGS (RM),Kos Pembungkusan (RM),Yuran Chip 2.5%,Jumlah Kos,Harga TikTok (RM),Harga Cadangan Website (RM),Margin Bersih (RM),Margin %
NOTA:,,,,,"Formula: Harga Website - COGS - Pembungkusan - Chip fee",,,"Tiada komisyen platform = margin lebih tinggi ~8-12% vs TikTok"
,,,,,,,,
=== KURMA AJWA ===,,,,,,,,
AJWA Medium,100g,1.65,1.50,0.30,3.45,12.00,12.00,8.55,71.3%
AJWA Medium,300g,4.95,1.50,0.53,6.98,21.00,21.00,14.03,66.8%
AJWA Medium,500g,8.25,1.50,0.73,10.48,29.00,29.00,18.53,63.9%
AJWA Medium,1kg,16.50,1.50,0.75,18.75,30.00,30.00,11.25,37.5%
AJWA Medium,2kg,33.00,1.50,1.98,36.48,79.00,79.00,42.53,53.8%
AJWA Medium,5kg/ctn,82.50,2.00,4.98,89.48,199.00,199.00,109.53,55.0%
AJWA Medium,2 ctn,165.00,2.00,9.73,176.73,389.00,389.00,212.28,54.6%
AJWA Medium,3 ctn,247.50,2.00,14.18,263.68,567.00,567.00,303.33,53.5%
AJWA Aliyah Mix,100g,2.40,1.50,0.33,4.23,13.00,13.00,8.78,67.5%
AJWA Aliyah Mix,300g,7.20,1.50,0.58,9.28,23.00,23.00,13.73,59.7%
AJWA Aliyah Mix,500g,12.00,1.50,0.88,14.38,35.00,35.00,20.63,58.9%
AJWA Aliyah Mix,1kg,24.00,1.50,1.23,26.73,49.00,49.00,22.28,45.5%
AJWA Aliyah Mix,2kg,48.00,1.50,2.73,52.23,109.00,109.00,56.78,52.1%
AJWA Aliyah Mix,5kg/ctn,120.00,2.00,5.98,127.98,239.00,239.00,111.03,46.5%
AJWA Large,100g,3.00,1.50,0.35,4.85,14.00,14.00,9.15,65.4%
AJWA Large,300g,9.00,1.50,0.68,11.18,27.00,27.00,15.83,58.6%
AJWA Large,500g,15.00,1.50,1.08,17.58,43.00,43.00,25.43,59.1%
AJWA Large,1kg,30.00,1.50,1.73,33.23,69.00,69.00,35.78,51.9%
AJWA Large,2kg,60.00,1.50,3.23,64.73,129.00,129.00,64.28,49.8%
AJWA Large,5kg/ctn,150.00,2.00,6.23,158.23,249.00,249.00,90.78,36.5%
AJWA Jumbo,100g,3.60,1.50,0.38,5.48,15.00,15.00,9.53,63.5%
AJWA Jumbo,300g,10.80,1.50,0.73,13.03,29.00,29.00,15.98,55.1%
AJWA Jumbo,500g,18.00,1.50,1.23,20.73,49.00,49.00,28.28,57.7%
AJWA Jumbo,1kg,36.00,1.50,1.98,39.48,79.00,79.00,39.53,50.0%
AJWA Jumbo,2kg,72.00,1.50,3.75,77.25,150.00,150.00,72.75,48.5%
AJWA Jumbo,5kg/ctn,180.00,2.00,6.73,188.73,269.00,269.00,80.28,29.8%
AJWA Super Jumbo VIP,100g,4.30,1.50,0.40,6.20,16.00,16.00,9.80,61.3%
AJWA Super Jumbo VIP,300g,12.90,1.50,0.78,15.18,31.00,31.00,15.83,51.1%
AJWA Super Jumbo VIP,500g,21.50,1.50,1.23,24.23,49.00,49.00,24.78,50.6%
AJWA Super Jumbo VIP,1kg,43.00,1.50,2.23,46.73,89.00,89.00,42.28,47.5%
AJWA Super Jumbo VIP,2kg,86.00,1.50,3.48,90.98,139.00,139.00,48.03,34.6%
AJWA Super Jumbo VIP,5kg/ctn,215.00,2.00,7.73,224.73,309.00,309.00,84.28,27.3%
,,,,,,,,
=== KURMA MARIAMI ===,,,,,,,,
MARIAMI AAA,100g,3.00,1.50,0.33,4.83,13.00,13.00,8.18,62.9%
MARIAMI AAA,300g,9.00,1.50,0.63,11.13,25.00,25.00,13.88,55.5%
MARIAMI AAA,500g,15.00,1.50,0.80,17.30,32.00,32.00,14.70,45.9%
MARIAMI AAA,1kg,30.00,1.50,1.38,32.88,55.00,55.00,22.13,40.2%
MARIAMI AAA,2kg,60.00,1.50,2.48,63.98,99.00,99.00,35.03,35.4%
MARIAMI AAA,5kg/ctn,150.00,2.00,5.98,157.98,239.00,239.00,81.03,33.9%
Mariami AA,100g,2.30,1.50,0.30,4.10,12.00,12.00,7.90,65.8%
Mariami AA,300g,6.90,1.50,0.48,8.88,19.00,19.00,10.13,53.3%
Mariami AA,500g,11.50,1.50,0.68,13.68,27.00,27.00,13.33,49.4%
Mariami AA,1kg,23.00,1.50,1.13,25.63,45.00,45.00,19.38,43.1%
Mariami AA,2kg,46.00,1.50,2.13,49.63,85.00,85.00,35.38,41.6%
Mariami AA,5kg/ctn,115.00,2.00,4.63,121.63,185.00,185.00,63.38,34.3%
MARIAMI A,100g,1.50,1.50,0.33,3.33,13.00,13.00,9.68,74.4%
MARIAMI A,300g,4.50,1.50,0.48,6.48,19.00,19.00,12.53,65.9%
MARIAMI A,500g,7.50,1.50,0.68,9.68,27.00,27.00,17.33,64.2%
MARIAMI A,1kg,15.00,1.50,0.73,17.23,29.00,29.00,11.78,40.6%
MARIAMI A,2kg,30.00,1.50,1.88,33.38,75.00,75.00,41.63,55.5%
MARIAMI A,5kg/ctn,75.00,2.00,4.48,81.48,179.00,179.00,97.53,54.5%
,,,,,,,,
=== KURMA SAFAWI ===,,,,,,,,
SAFAWI JUMBO,100g,2.80,1.50,0.33,4.63,13.00,13.00,8.38,64.4%
SAFAWI JUMBO,300g,8.40,1.50,0.50,10.40,20.00,20.00,9.60,48.0%
SAFAWI JUMBO,500g,14.00,1.50,0.75,16.25,30.00,30.00,13.75,45.8%
SAFAWI JUMBO,1kg,28.00,1.50,1.38,30.88,55.00,55.00,24.13,43.9%
SAFAWI JUMBO,2kg,56.00,1.50,2.48,59.98,99.00,99.00,39.03,39.4%
SAFAWI JUMBO,5kg,150.00,2.00,5.73,157.73,229.00,229.00,71.28,31.1%
SAFAWI LARGE,100g,2.10,1.50,0.30,3.90,12.00,12.00,8.10,67.5%
SAFAWI LARGE,300g,6.30,1.50,0.48,8.28,19.00,19.00,10.73,56.5%
SAFAWI LARGE,500g,10.50,1.50,0.68,12.68,27.00,27.00,14.33,53.1%
SAFAWI LARGE,1kg,21.00,1.50,0.98,23.48,39.00,39.00,15.53,39.8%
SAFAWI LARGE,2kg,42.00,1.50,2.23,45.73,89.00,89.00,43.28,48.6%
SAFAWI LARGE,5kg,140.00,2.00,5.23,147.23,209.00,209.00,61.78,29.6%
SAFAWI MEDIUM,100g,2.00,1.50,0.28,3.78,11.00,11.00,7.23,65.7%
SAFAWI MEDIUM,300g,6.00,1.50,0.45,7.95,18.00,18.00,10.05,55.8%
SAFAWI MEDIUM,500g,10.00,1.50,0.73,12.23,29.00,29.00,16.78,57.9%
SAFAWI MEDIUM,1kg,20.00,1.50,0.88,22.38,35.00,35.00,12.63,36.1%
SAFAWI MEDIUM,2kg,40.00,1.50,1.88,43.38,75.00,75.00,31.63,42.2%
SAFAWI MEDIUM,5kg,100.00,2.00,4.23,106.23,169.00,169.00,62.78,37.1%
,,,,,,,,
=== KURMA MEDJOUL ===,,,,,,,,
MEDJOUL Palestine Super Jumbo,100g,4.90,1.50,0.43,6.83,17.00,17.00,10.18,59.9%
MEDJOUL Palestine Super Jumbo,500g,24.50,1.50,1.48,27.48,59.00,59.00,31.53,53.4%
MEDJOUL Palestine Super Jumbo,1kg,49.00,1.50,2.48,52.98,99.00,99.00,46.03,46.5%
MEDJOUL Palestine Super Jumbo,2kg,98.00,1.50,4.23,103.73,169.00,169.00,65.28,38.6%
MEDJOUL Palestine Super Jumbo,5kg,245.00,2.00,9.75,256.75,390.00,390.00,133.25,34.2%
MEDJOUL Palestine Jumbo,100g,4.50,1.50,0.40,6.40,16.00,16.00,9.60,60.0%
MEDJOUL Palestine Jumbo,500g,22.50,1.50,1.38,25.38,55.00,55.00,29.63,53.9%
MEDJOUL Palestine Jumbo,1kg,45.00,1.50,2.23,48.73,89.00,89.00,40.28,45.3%
MEDJOUL Palestine Jumbo,2kg,90.00,1.50,3.98,95.48,159.00,159.00,63.53,40.0%
MEDJOUL Palestine Jumbo,5kg,225.00,2.00,8.75,235.75,350.00,350.00,114.25,32.6%
MEDJOUL Palestine Large,100g,4.50,1.50,0.38,6.38,15.00,15.00,8.63,57.5%
MEDJOUL Palestine Large,300g,13.50,1.50,0.88,15.88,35.00,35.00,19.13,54.6%
MEDJOUL Palestine Large,500g,22.50,1.50,1.23,25.23,49.00,49.00,23.78,48.5%
MEDJOUL Palestine Large,1kg,45.00,1.50,1.98,48.48,79.00,79.00,30.53,38.6%
MEDJOUL Palestine Large,2kg,90.00,1.50,3.73,95.23,149.00,149.00,53.78,36.1%
MEDJOUL Palestine Large,5kg,225.00,2.00,7.88,234.88,315.00,315.00,80.13,25.4%
,,,,,,,,
=== KURMA SUKKARI ===,,,,,,,,
DRY SUKKARI,100g,1.63,1.50,0.35,3.48,14.00,14.00,10.52,75.2%
DRY SUKKARI,500g,8.17,1.50,0.73,10.40,29.00,29.00,18.60,64.1%
DRY SUKKARI,1kg,16.33,1.50,1.13,18.96,45.00,45.00,26.04,57.9%
DRY SUKKARI,2kg,32.67,1.50,2.23,36.40,89.00,89.00,52.60,59.1%
DRY SUKKARI,3kg/ctn,49.00,2.00,2.73,53.73,109.00,109.00,55.28,50.7%
ROTAB SUKKARI,100g,2.14,1.50,0.30,3.94,12.00,12.00,8.06,67.2%
ROTAB SUKKARI,500g,7.98,1.50,0.63,10.11,25.00,25.00,14.89,59.6%
ROTAB SUKKARI,1kg,13.87,1.50,1.00,16.37,40.00,40.00,23.63,59.1%
ROTAB SUKKARI,2kg,27.73,1.50,1.88,31.11,75.00,75.00,43.89,58.5%
ROTAB SUKKARI,3kg/ctn,38.00,2.00,2.23,42.23,89.00,89.00,46.78,52.6%
,,,,,,,,
=== KURMA LAIN-LAIN ===,,,,,,,,
Kurma Libya Gred 1,500g,4.00,1.50,0.38,5.88,15.00,15.00,9.13,60.8%
Kurma Libya Gred 1,1kg,12.00,1.50,0.73,14.23,29.00,29.00,14.78,50.9%
Kurma Libya Gred 1,2kg,24.00,1.50,0.98,26.48,39.00,39.00,12.53,32.1%
Kurma Libya Gred 1,5kg,60.00,2.00,2.23,64.23,89.00,89.00,24.78,27.8%
Kurma Libya/Algeria,100g,0.60,1.50,0.28,2.38,11.00,11.00,8.63,78.4%
Kurma Libya/Algeria,300g,1.80,1.50,0.23,3.53,9.00,9.00,5.48,60.8%
Kurma Libya/Algeria,500g,3.00,1.50,0.30,4.80,12.00,12.00,7.20,60.0%
Kurma Libya/Algeria,1kg,6.00,1.50,0.58,8.08,23.00,23.00,14.93,64.9%
Kurma Libya/Algeria,2kg,12.00,1.50,1.13,14.63,45.00,45.00,30.38,67.5%
Kurma Libya/Algeria,5kg/ctn,30.00,2.00,2.25,34.25,90.00,90.00,55.75,62.0%
Kurma Tunisia,100g,1.20,1.50,0.30,3.00,12.00,12.00,9.00,75.0%
Kurma Tunisia,300g,3.60,1.50,0.43,5.53,17.00,17.00,11.48,67.5%
Kurma Tunisia,500g,6.00,1.50,0.55,8.05,22.00,22.00,13.95,63.4%
Kurma Tunisia,1kg,12.00,1.50,0.75,14.25,29.90,29.90,15.65,52.3%
Kurma Tunisia,2kg,24.00,1.50,1.25,26.75,50.00,50.00,23.25,46.5%
Kurma Tunisia,5kg/ctn,60.00,2.00,2.38,64.38,95.00,95.00,30.63,32.2%
MABROOM,500g,22.50,1.50,0.98,24.98,39.00,39.00,14.03,36.0%
MABROOM,1kg,45.00,1.50,1.73,48.23,69.00,69.00,20.78,30.1%
MABROOM,5kg/ctn,225.00,2.00,7.48,234.48,299.00,299.00,64.53,21.6%
KURMA SEJUK BEKU,500g,3.50,1.50,0.63,5.63,25.00,25.00,19.38,77.5%
KURMA SEJUK BEKU,1kg,7.00,1.50,0.88,9.38,35.00,35.00,25.63,73.2%
KURMA SEJUK BEKU,10kg,70.00,2.00,2.88,74.88,115.00,115.00,40.13,34.9%
TANGKAI TUNISIA,400g,5.50,1.50,0.38,7.38,15.00,15.00,7.63,50.8%
TANGKAI TUNISIA,500g,6.00,1.50,0.40,7.90,16.00,16.00,8.10,50.6%
Rotab Rawda Almadinah,1 pack,5.50,1.50,0.40,7.40,16.00,16.00,8.60,53.8%
Rotab Rawda Almadinah,3 pack,16.50,1.50,0.98,18.98,39.00,39.00,20.03,51.4%
Rotab Rawda Almadinah,6 pack,33.00,1.50,1.50,36.00,60.00,60.00,24.00,40.0%
Rotab Rawda Almadinah,12 pack,66.00,2.00,2.48,70.48,99.00,99.00,28.53,28.8%
ROTAB BLACK RUBBIES,500g,6.06,1.50,0.43,7.99,17.00,17.00,9.01,53.0%
ROTAB FATIMAH,600g,5.58,1.50,0.43,7.51,17.00,17.00,9.49,55.8%
ROTAB ALMADHINAH,600g,6.25,1.50,0.45,8.20,18.00,18.00,9.80,54.4%
,,,,,,,,
=== KURMA SET / BUNDLE ===,,,,,,,,
Kurma 3 Sahabat,1 Set (3 Botol),23.85,2.00,1.23,27.08,49.00,49.00,21.93,44.7%
Kurma 3 Sahabat,2 Set (6 Botol),47.70,2.00,2.38,52.08,95.00,95.00,42.93,45.2%
Kurma 3 Sahabat,3 Set (9 Botol),71.55,2.00,3.48,77.03,139.00,139.00,61.98,44.6%
Kurma 4 Beradik,1 Set (3 Botol),38.50,2.00,1.98,42.48,79.00,79.00,36.53,46.2%
Kurma 4 Beradik,2 Set (6 Botol),77.00,2.00,3.73,82.73,149.00,149.00,66.28,44.5%
Kurma 4 Beradik,3 Set (9 Botol),115.50,2.00,5.23,122.73,209.00,209.00,86.28,41.3%
Kurma Kembar 3 (Ajwa),1 Set,25.95,2.00,1.38,29.33,55.00,55.00,25.68,46.7%
Kurma Kembar 3 (Mariami),1 Set,26.85,2.00,1.48,30.33,59.00,59.00,28.68,48.6%
Kurma Kembar 3 (Safawi),1 Set,20.55,2.00,1.23,23.78,49.00,49.00,25.23,51.5%
Kurma Kembar 3 (Medjoul),1 Set,43.05,2.00,2.13,47.18,85.00,85.00,37.83,44.5%
Kurma Kembar 3 (Ajwa Mix Aliyah),1 Set,31.35,2.00,1.48,34.83,59.00,59.00,24.18,41.0%
Kurma 4 MAMS NSR 1kg,1 pack,45.00,1.50,1.98,48.48,79.00,79.00,30.53,38.6%
Kurma 4 MAMS NSR 1kg,2 pack,90.00,2.00,3.73,95.73,149.00,149.00,53.28,35.8%
Kurma 4 MAMS NSR 1kg,3 pack,135.00,2.00,5.23,142.23,209.00,209.00,66.78,31.9%
Ajwa 300g x 3,3 Botol,25.95,2.00,1.23,29.18,49.00,49.00,19.83,40.5%
Ajwa 300g x 4 (Free 1),3 Botol + 1,34.60,2.00,1.48,38.08,59.00,59.00,20.93,35.5%
Kurma Mix Medium,5kg,110.00,2.00,3.98,115.98,159.00,159.00,43.03,27.1%
,,,,,,,,
=== KURMA PREMIUM (TRD PACK) ===,,,,,,,,
MARIAMI PREMIUM TRD 500g,1 pack,19.75,1.50,0.88,22.13,35.00,35.00,12.88,36.8%
AJWA ALIYAH PREMIUM TRD 500g,1 pack,22.00,1.50,0.98,24.48,39.00,39.00,14.53,37.3%
AJWA ALIYAH PREMIUM TRD 250g,1 pack,12.25,1.50,0.70,14.45,28.00,28.00,13.55,48.4%
SAFAWI JUMBO PREMIUM TRD 500g,1 pack,18.50,1.50,0.88,20.88,35.00,35.00,14.13,40.4%
SAFAWI JUMBO PREMIUM TRD 250g,1 pack,10.25,1.50,0.63,12.38,25.00,25.00,12.63,50.5%
MARIAMI PREMIUM TRD 250g,1 pack,10.75,1.50,0.63,12.88,25.00,25.00,12.13,48.5%
,,,,,,,,
=== BUAH KERING ===,,,,,,,,
DRY TIN (Buah Tin),100g,4.00,1.50,0.38,5.88,15.00,15.00,9.13,60.8%
DRY TIN (Buah Tin),500g,20.00,1.50,0.88,22.38,35.00,35.00,12.63,36.1%
DRY TIN (Buah Tin),1kg,40.00,1.50,1.48,42.98,59.00,59.00,16.03,27.2%
Dry Apricot (Aprikot),100g,4.00,1.50,0.38,5.88,15.00,15.00,9.13,60.8%
Dry Apricot (Aprikot),500g,20.00,1.50,0.88,22.38,35.00,35.00,12.63,36.1%
Dry Apricot (Aprikot),1kg,40.00,1.50,1.48,42.98,59.00,59.00,16.03,27.2%
Dry Kiwi,100g,2.20,1.50,0.33,4.03,13.00,13.00,8.98,69.1%
Dry Kiwi,500g,11.00,1.50,0.63,13.13,25.00,25.00,11.88,47.5%
Dry Kiwi,1kg,22.00,1.50,1.13,24.63,45.00,45.00,20.38,45.3%
Prune (Plum Kering),100g,2.62,1.50,0.33,4.45,13.00,13.00,8.55,65.8%
Prune (Plum Kering),500g,13.10,1.50,0.73,15.33,29.00,29.00,13.68,47.2%
Prune (Plum Kering),1kg,26.20,1.50,1.23,28.93,49.00,49.00,20.08,41.0%
,,,,,,,,
=== KISMIS ===,,,,,,,,
KISMIS GOLDEN JUMBO,100g,2.80,1.50,0.33,4.63,13.00,13.00,8.38,64.4%
KISMIS GOLDEN JUMBO,500g,14.00,1.50,0.88,16.38,35.00,35.00,18.63,53.2%
KISMIS GOLDEN JUMBO,1kg,28.00,1.50,1.38,30.88,55.00,55.00,24.13,43.9%
KISMIS BLACK JUMBO,100g,2.40,1.50,0.30,4.20,12.00,12.00,7.80,65.0%
KISMIS BLACK JUMBO,500g,12.00,1.50,0.88,14.38,35.00,35.00,20.63,58.9%
KISMIS BLACK JUMBO,1kg,24.00,1.50,1.38,26.88,55.00,55.00,28.13,51.1%
KISMIS GOLDEN SMALL,100g,1.60,1.50,0.30,3.40,12.00,12.00,8.60,71.7%
KISMIS GOLDEN SMALL,500g,8.00,1.50,0.73,10.23,29.00,29.00,18.78,64.7%
KISMIS GOLDEN SMALL,1kg,16.00,1.50,0.98,18.48,39.00,39.00,20.53,52.6%
KISMIS SULTANA,500g,5.00,1.50,0.43,6.93,17.00,17.00,10.08,59.3%
KISMIS SULTANA,1kg,11.00,1.50,0.73,13.23,29.00,29.00,15.78,54.4%
,,,,,,,,
=== KACANG ===,,,,,,,,
PISTACHIO,100g,4.70,1.50,0.38,6.58,15.00,15.00,8.43,56.2%
PISTACHIO,500g,23.50,1.50,1.13,26.13,45.00,45.00,18.88,41.9%
PISTACHIO,1kg,47.00,1.50,1.98,50.48,79.00,79.00,28.53,36.1%
GAJUS (Cashew),100g,4.60,1.50,0.38,6.48,15.00,15.00,8.53,56.8%
GAJUS (Cashew),500g,23.00,1.50,1.13,25.63,45.00,45.00,19.38,43.1%
GAJUS (Cashew),1kg,46.00,1.50,1.98,49.48,79.00,79.00,29.53,37.4%
ALMOND,100g,4.00,1.50,0.35,5.85,14.00,14.00,8.15,58.2%
ALMOND,500g,20.00,1.50,0.98,22.48,39.00,39.00,16.53,42.4%
ALMOND,1kg,40.00,1.50,1.73,43.23,69.00,69.00,25.78,37.4%
Roasted Cashew With Skin,100g,4.70,1.50,0.38,6.58,15.00,15.00,8.43,56.2%
Roasted Cashew With Skin,500g,23.50,1.50,1.13,26.13,45.00,45.00,18.88,41.9%
Roasted Cashew With Skin,1kg,47.00,1.50,1.98,50.48,79.00,79.00,28.53,36.1%
PEANUT CANDY (Gula-gula Kacang),100g,1.80,1.50,0.30,3.60,12.00,12.00,8.40,70.0%
PEANUT CANDY (Gula-gula Kacang),400g,7.20,1.50,0.63,9.33,25.00,25.00,15.68,62.7%
PEANUT CANDY (Gula-gula Kacang),800g,14.40,1.50,0.98,16.88,39.00,39.00,22.13,56.7%
,,,,,,,,
=== SERUNDING ===,,,,,,,,
SERUNDING IKAN,200g,9.20,1.50,0.60,11.30,24.00,24.00,12.70,52.9%
SERUNDING IKAN,400g,18.40,1.50,0.98,20.88,39.00,39.00,18.13,46.5%
SERUNDING IKAN,800g,36.80,1.50,1.73,40.03,69.00,69.00,28.98,42.0%
SERUNDING IKAN,1kg,46.00,1.50,1.98,49.48,79.00,79.00,29.53,37.4%
SERUNDING DAGING,200g,11.20,1.50,0.68,13.38,27.00,27.00,13.63,50.5%
SERUNDING DAGING,400g,22.40,1.50,1.23,25.13,49.00,49.00,23.88,48.7%
SERUNDING DAGING,800g,44.80,1.50,1.98,48.28,79.00,79.00,30.73,38.9%
SERUNDING DAGING,1kg,56.00,1.50,2.23,59.73,89.00,89.00,29.28,32.9%
SERUNDING AYAM,200g,11.20,1.50,0.68,13.38,27.00,27.00,13.63,50.5%
SERUNDING AYAM,400g,22.40,1.50,1.23,25.13,49.00,49.00,23.88,48.7%
SERUNDING AYAM,800g,44.80,1.50,1.98,48.28,79.00,79.00,30.73,38.9%
SERUNDING AYAM,1kg,56.00,1.50,2.23,59.73,89.00,89.00,29.28,32.9%
,,,,,,,,
=== COKLAT & LAIN-LAIN ===,,,,,,,,
Coklat Azerbaijan,1kg,27.00,1.50,1.48,29.98,59.00,59.00,29.03,49.2%
Coklat Azerbaijan,500g,13.50,1.50,0.98,15.98,39.00,39.00,23.03,59.0%
Coklat Azerbaijan,200g,5.40,1.50,0.48,7.38,19.00,19.00,11.63,61.2%
Madu Akasia + Kamquat,1 set,31.50,2.00,1.48,34.98,59.00,59.00,24.03,40.7%
Trial Pack,1 pack,4.13,1.50,0.25,5.88,10.00,10.00,4.13,41.3%
,,,,,,,,
=== DURIAN (SEGAR) ===
NOTA: Kos Pembungkusan termasuk kotak + ais pek (anggaran RM3.00),,,,,,,,
Musang King (Tempatan),500g,30.0,3.0,2.23,35.23,89.0,89.0,53.77,60.4%
Musang King (Tempatan),1kg,60.0,3.0,3.25,66.25,130.0,130.0,63.75,49.0%
Musang King (Tempatan),2kg,120.0,3.0,6.75,129.75,270.0,270.0,140.25,51.9%
Musang King THAI,500g,50.0,3.0,2.23,55.23,89.0,89.0,33.77,37.9%
Musang King THAI,1kg,100.0,3.0,3.75,106.75,150.0,150.0,43.25,28.8%
Musang King THAI,2kg,200.0,3.0,7.0,210.0,280.0,280.0,70.0,25.0%
Pamani / Udang Merah,500g,37.8,3.0,1.98,42.78,79.0,79.0,36.22,45.8%
Pamani / Udang Merah,1kg,75.6,3.0,2.98,81.58,119.0,119.0,37.42,31.4%
Pamani / Udang Merah,2kg,151.2,3.0,5.73,159.93,229.0,229.0,69.07,30.2%
Udang Merah Thai,500g,-,3.00,-,-,109.00,109.00,-,-
Udang Merah Thai,1kg,-,3.00,-,-,169.00,169.00,-,-
Udang Merah Thai,2kg,-,3.00,-,-,329.00,329.00,-,-
Ceni Tembaga,500g,30.0,3.0,1.73,34.73,69.0,69.0,34.27,49.7%
Ceni Tembaga,1kg,60.0,3.0,2.48,65.48,99.0,99.0,33.52,33.9%
Ceni Tembaga,2kg,120.0,3.0,4.5,127.5,180.0,180.0,52.5,29.2%
D13 / Udang Merah,500g,42.5,3.0,2.12,47.62,85.0,85.0,37.38,44.0%
D13 / Udang Merah,1kg,85.0,3.0,3.12,91.12,125.0,125.0,33.88,27.1%
D13 / Udang Merah,2kg,170.0,3.0,6.0,179.0,240.0,240.0,61.0,25.4%
Durian Kampung Kahwin,500g,25.0,3.0,1.48,29.48,59.0,59.0,29.52,50.0%
Durian Kampung Kahwin,1kg,50.0,3.0,2.23,55.23,89.0,89.0,33.77,37.9%
Durian Kampung Kahwin,2kg,100.0,3.0,4.23,107.23,169.0,169.0,61.77,36.6%
Blackthorn,500g,-,3.00,-,-,105.00,105.00,-,-
Blackthorn,1kg,-,3.00,-,-,130.00,130.00,-,-
Blackthorn,2kg,-,3.00,-,-,290.00,290.00,-,-
D24,500g,-,3.00,-,-,69.00,69.00,-,-
D24,1kg,-,3.00,-,-,68.00,68.00,-,-
D24,2kg,-,3.00,-,-,130.00,130.00,-,-
IOI,500g,-,3.00,-,-,59.00,59.00,-,-
IOI,1kg,-,3.00,-,-,90.00,90.00,-,-
IOI,2kg,-,3.00,-,-,170.00,170.00,-,-
Durian Monthong,500g,-,3.00,-,-,59.00,59.00,-,-
Durian Monthong,1kg,-,3.00,-,-,89.00,89.00,-,-
Durian Monthong,2kg,-,3.00,-,-,169.00,169.00,-,-
Durian Monthong,1 pek 600g,-,3.00,-,-,69.00,69.00,-,-
Durian Monthong,2 pek 1.2kg,-,3.00,-,-,99.00,99.00,-,-
Durian Monthong,3 pek 1.8kg,-,3.00,-,-,139.00,139.00,-,-
Durian Monthong,4 pek 2.4kg,-,3.00,-,-,179.00,179.00,-,-
Durian Kampung,500g,-,3.00,-,-,35.00,35.00,-,-
Durian Kampung,1kg,-,3.00,-,-,60.00,60.00,-,-
Durian Kampung,2kg,-,3.00,-,-,115.00,115.00,-,-
Combo MK + Udang Merah,500g,36.25,3.0,2.12,41.37,85.0,85.0,43.63,51.3%
Combo MK + Udang Merah,1kg,72.5,3.0,3.25,78.75,130.0,130.0,51.25,39.4%
Combo MK + Udang Merah,2kg,145.0,3.0,6.25,154.25,250.0,250.0,95.75,38.3%
Combo MK + Kampung Kahwin,500g,27.5,3.0,1.88,32.38,75.0,75.0,42.62,56.8%
Combo MK + Kampung Kahwin,1kg,55.0,3.0,2.75,60.75,110.0,110.0,49.25,44.8%
Combo MK + Kampung Kahwin,2kg,110.0,3.0,5.0,118.0,200.0,200.0,82.0,41.0%
Combo D24 + MK,500g,-,3.00,-,-,89.00,89.00,-,-
Combo D24 + MK,1kg,-,3.00,-,-,129.00,129.00,-,-
Combo D24 + MK,2kg,-,3.00,-,-,180.00,180.00,-,-
Combo UM + IOI,1kg,-,3.00,-,-,129.00,129.00,-,-
Combo UM + IOI,2kg,-,3.00,-,-,239.00,239.00,-,-
,,,,,,,,
=== DURIAN FROZEN ===
[FROZEN] Musang King,500g,-,2.00,-,-,65.00,65.00,-,-
[FROZEN] Musang King,1kg,-,2.00,-,-,110.00,110.00,-,-
[FROZEN] Blackthorn,500g,-,2.00,-,-,65.00,65.00,-,-
[FROZEN] Blackthorn,1kg,-,2.00,-,-,110.00,110.00,-,-
,,,,,,,,
=== HARUMANIS PERLIS ===
Harumanis Perlis,1kg,25.0,2.0,1.48,28.48,59.0,59.0,30.52,51.7%
Harumanis Perlis,3kg,75.0,2.0,3.48,80.48,139.0,139.0,58.52,42.1%
Harumanis Perlis,5kg,125.0,3.0,5.48,133.48,219.0,219.0,85.52,39.1%
,,,,,,,,
=== BUAH IMPORT ===
Strawberry USA,1 pack,12.0,2.0,0.62,14.62,25.0,25.0,10.38,41.5%
Strawberry USA,2 pack,24.0,2.0,1.12,27.12,45.0,45.0,17.88,39.7%
Strawberry USA,3 pack,36.0,2.0,1.58,39.58,63.0,63.0,23.42,37.2%
Avocado Australia,1 biji,2.7,1.5,0.18,4.38,7.0,7.0,2.62,37.4%
Avocado Australia,3 biji,8.1,1.5,0.45,10.05,18.0,18.0,7.95,44.2%
Avocado Australia,5 biji,13.5,2.0,0.65,16.15,26.0,26.0,9.85,37.9%
Apple Fuji XL,1 biji,2.88,1.5,0.2,4.58,8.0,8.0,3.42,42.8%
Apple Fuji XL,5 biji,14.38,2.0,0.62,17.0,25.0,25.0,8.0,32.0%
Apple Fuji XL,10 biji,28.75,2.0,1.12,31.87,45.0,45.0,13.13,29.2%
Navel Orange Sunkist,1 biji,2.2,1.5,0.18,3.88,7.0,7.0,3.12,44.6%
Navel Orange Sunkist,5 biji,11.0,2.0,0.62,13.62,25.0,25.0,11.38,45.5%
Navel Orange Sunkist,10 biji,22.0,2.0,1.12,25.12,45.0,45.0,19.88,44.2%
Cara Orange XL,3 biji,5.0,1.5,0.3,6.8,12.0,12.0,5.2,43.3%
Cara Orange XL,6 biji,10.0,2.0,0.58,12.58,23.0,23.0,10.42,45.3%
Cara Orange XL,12 biji,20.0,2.0,1.0,23.0,40.0,40.0,17.0,42.5%
Mini Sweet Orange,500g,3.25,1.5,0.25,5.0,10.0,10.0,5.0,50.0%
Mini Sweet Orange,1kg,6.5,2.0,0.38,8.88,15.0,15.0,6.12,40.8%
Mini Sweet Orange,2kg,13.0,2.0,0.62,15.62,25.0,25.0,9.38,37.5%
Fresh Figs Turkey,1 pack,9.2,2.0,0.62,11.82,25.0,25.0,13.18,52.7%
Fresh Figs Turkey,2 pack,18.4,2.0,1.05,21.45,42.0,42.0,20.55,48.9%
Fresh Figs Turkey,3 pack,27.6,2.0,1.43,31.03,57.0,57.0,25.97,45.6%
Hami Melon,1 biji,11.0,2.0,0.48,13.48,19.0,19.0,5.52,29.1%
Hami Melon,2 biji,22.0,2.0,0.88,24.88,35.0,35.0,10.12,28.9%
Hami Melon,3 biji,33.0,3.0,1.43,37.43,57.0,57.0,19.57,34.3%
Crimson Grapes Australia,500g,5.6,2.0,0.35,7.95,14.0,14.0,6.05,43.2%
Crimson Grapes Australia,1kg,11.2,2.0,0.55,13.75,22.0,22.0,8.25,37.5%
Crimson Grapes Australia,2kg,22.4,3.0,1.12,26.52,45.0,45.0,18.48,41.1%
Sweet Globe,500g,12.0,2.0,0.6,14.6,24.0,24.0,9.4,39.2%
Sweet Globe,1kg,24.0,2.0,1.12,27.12,45.0,45.0,17.88,39.7%
Sweet Globe,2kg,48.0,3.0,1.98,52.98,79.0,79.0,26.02,32.9%
Shine Muscat,1 pack,6.0,2.0,0.28,8.28,11.0,11.0,2.72,24.7%
Shine Muscat,3 pack,18.0,2.0,0.8,20.8,32.0,32.0,11.2,35.0%
Shine Muscat,5 pack,30.0,2.0,1.25,33.25,50.0,50.0,16.75,33.5%
Autumn Crisp Chile,500g,25.0,2.0,1.12,28.12,45.0,45.0,16.88,37.5%
Autumn Crisp Chile,1kg,50.0,2.0,1.98,53.98,79.0,79.0,25.02,31.7%
Autumn Crisp Chile,2kg,100.0,3.0,3.73,106.73,149.0,149.0,42.27,28.4%
Midnight Beauty Egypt,500g,9.0,2.0,0.48,11.48,19.0,19.0,7.52,39.6%
Midnight Beauty Egypt,1kg,18.0,2.0,0.88,20.88,35.0,35.0,14.12,40.3%
Midnight Beauty Egypt,2kg,36.0,3.0,1.62,40.62,65.0,65.0,24.38,37.5%
Donut Peach Turkey,1 pack,17.0,2.0,0.55,19.55,22.0,22.0,2.45,11.1%
Donut Peach Turkey,3 pack,51.0,2.0,1.62,54.62,65.0,65.0,10.38,16.0%
Donut Peach Turkey,5 pack,85.0,2.0,2.62,89.62,105.0,105.0,15.38,14.6%
Green Kiwi Zespri,1 pack 4pcs,10.8,2.0,0.53,13.33,21.0,21.0,7.67,36.5%
Green Kiwi Zespri,3 pack,32.4,2.0,1.48,35.88,59.0,59.0,23.12,39.2%
Green Kiwi Zespri,5 pack,54.0,2.0,2.23,58.23,89.0,89.0,30.77,34.6%
Blueberry Jumbo CN,1 pack,9.2,2.0,0.43,11.63,17.0,17.0,5.37,31.6%
Blueberry Jumbo CN,3 pack,27.6,2.0,1.12,30.72,45.0,45.0,14.28,31.7%
Blueberry Jumbo CN,5 pack,46.0,2.0,1.73,49.73,69.0,69.0,19.27,27.9%
Aprikot Turkey (Fresh),1 pack,-,2.00,-,-,29.00,29.00,-,-
Aprikot Turkey (Fresh),3 pack,-,2.00,-,-,79.00,79.00,-,-
Aprikot Turkey (Fresh),5 pack,-,2.00,-,-,125.00,125.00,-,-
Persimmon SA,1 pack,-,2.00,-,-,19.00,19.00,-,-
Persimmon SA,2 pack,-,2.00,-,-,33.00,33.00,-,-
Persimmon SA,3 pack,-,2.00,-,-,42.00,42.00,-,-
Red Apple New Zealand,3 biji,1.75,1.5,0.23,3.48,9.0,9.0,5.52,61.3%
Red Apple New Zealand,5 biji,5.3,2.0,0.35,7.65,14.0,14.0,6.35,45.4%
Red Apple New Zealand,10 biji,10.6,2.0,0.62,13.22,25.0,25.0,11.78,47.1%
Packham Pear China,3 biji,2.35,1.5,0.23,4.08,9.0,9.0,4.92,54.7%
Packham Pear China,5 biji,3.9,2.0,0.35,6.25,14.0,14.0,7.75,55.4%
Packham Pear China,10 biji,7.8,2.0,0.62,10.42,25.0,25.0,14.58,58.3%
Forella Pear,1 biji,1.8,1.5,0.15,3.45,6.0,6.0,2.55,42.5%
Forella Pear,3 biji,5.4,1.5,0.25,7.15,10.0,10.0,2.85,28.5%
Forella Pear,5 biji,9.0,2.0,0.35,11.35,14.0,14.0,2.65,18.9%
Forella Pear,10 biji,18.0,2.0,0.62,20.62,25.0,25.0,4.38,17.5%
Singo Pear,1 biji,-,1.50,-,-,5.00,5.00,-,-
Singo Pear,3 biji,-,1.50,-,-,13.90,13.90,-,-
Singo Pear,5 biji,-,2.00,-,-,22.00,22.00,-,-
Ceri Chile,250g,-,2.00,-,-,55.00,55.00,-,-
Ceri Chile,500g,-,2.00,-,-,79.00,79.00,-,-
Ceri Chile,1kg,-,2.00,-,-,129.00,129.00,-,-
Ceri Chile,2kg,-,3.00,-,-,229.00,229.00,-,-
Melon,1 biji,-,2.00,-,-,15.00,15.00,-,-
Melon,2 biji,-,2.00,-,-,28.00,28.00,-,-
Melon,4 biji,-,3.00,-,-,52.00,52.00,-,-
Melon,8 biji,-,3.00,-,-,99.00,99.00,-,-
,,,,,,,,
=== BUAH TEMPATAN ===
Manggis,500g,-,1.50,-,-,9.00,9.00,-,-
Manggis,1kg,-,2.00,-,-,15.00,15.00,-,-
Manggis,2kg,-,2.00,-,-,25.00,25.00,-,-
Rambutan,500g,-,1.50,-,-,9.00,9.00,-,-
Rambutan,1kg,-,2.00,-,-,15.00,15.00,-,-
Rambutan,2kg,-,2.00,-,-,25.00,25.00,-,-
Dokong,500g,-,1.50,-,-,9.00,9.00,-,-
Dokong,1kg,-,2.00,-,-,15.00,15.00,-,-
Dokong,2kg,-,2.00,-,-,25.00,25.00,-,-
Longan Jumbo,1kg,-,2.00,-,-,13.00,13.00,-,-
Longan Jumbo,2kg,-,2.00,-,-,22.00,22.00,-,-
Jambu Batu,1kg,-,2.00,-,-,13.00,13.00,-,-
Jambu Batu,2kg,-,2.00,-,-,22.00,22.00,-,-
Mangga Falan,1kg,-,2.00,-,-,13.00,13.00,-,-
Mangga Falan,2kg,-,2.00,-,-,22.00,22.00,-,-
Baby Nenas,1 pack,-,2.00,-,-,13.00,13.00,-,-
Baby Nenas,2 pack,-,2.00,-,-,22.00,22.00,-,-
Salak,1kg,-,2.00,-,-,14.50,14.50,-,-
Salak,2kg,-,2.00,-,-,22.70,22.70,-,-
Limau Bali,1 biji 1kg+,-,3.00,-,-,19.00,19.00,-,-
Limau Bali,2 biji 1kg+,-,3.00,-,-,47.50,47.50,-,-
Limau Bali,3 biji 1kg+,-,3.00,-,-,66.00,66.00,-,-
Limau Bali,1 biji 1.5kg+,-,3.00,-,-,32.90,32.90,-,-
Limau Bali,2 biji 1.5kg+,-,3.00,-,-,55.50,55.50,-,-
Limau Bali,3 biji 1.5kg+,-,3.00,-,-,79.50,79.50,-,-
Limau Bali,1 biji Baby 600g+,-,3.00,-,-,25.90,25.90,-,-
Limau Bali,2 biji Baby,-,3.00,-,-,40.90,40.90,-,-
Limau Bali,3 biji Baby,-,3.00,-,-,56.50,56.50,-,-
Isi Pomelo,1 pek,-,2.00,-,-,19.00,19.00,-,-
Isi Pomelo,2 pek,-,2.00,-,-,45.00,45.00,-,-
Isi Pomelo,3 pek,-,2.00,-,-,59.00,59.00,-,-
Isi Pomelo,4 pek + 1 jus,-,2.00,-,-,80.00,80.00,-,-
,,,,,,,,
=== DELIMA ===
Delima India,1 biji,-,1.50,-,-,11.00,11.00,-,-
Delima India,3 biji,-,2.00,-,-,29.00,29.00,-,-
Delima India,5 biji,-,2.00,-,-,40.00,40.00,-,-
Delima India,1 ctn,-,3.00,-,-,69.00,69.00,-,-
Delima India,2 ctn,-,3.00,-,-,129.00,129.00,-,-
Delima India,3 ctn,-,3.00,-,-,189.00,189.00,-,-
Delima Tunisia Small,1 biji,-,1.50,-,-,9.90,9.90,-,-
Delima Tunisia Small,2 biji,-,1.50,-,-,26.00,26.00,-,-
Delima Tunisia Small,3 biji,-,2.00,-,-,33.00,33.00,-,-
Delima Tunisia Small,6 biji,-,2.00,-,-,49.00,49.00,-,-
Delima Tunisia Small,12 biji,-,3.00,-,-,80.00,80.00,-,-
Delima Tunisia Large,1 biji,-,1.50,-,-,16.90,16.90,-,-
Delima Tunisia Large,2 biji,-,1.50,-,-,28.00,28.00,-,-
Delima Tunisia Large,3 biji,-,2.00,-,-,36.00,36.00,-,-
Delima Tunisia Large,6 biji,-,2.00,-,-,59.00,59.00,-,-
Delima Tunisia Large,12 biji,-,3.00,-,-,90.00,90.00,-,-
Delima Tunisia Jumbo,1 biji,-,1.50,-,-,16.90,16.90,-,-
Delima Tunisia Jumbo,2 biji,-,1.50,-,-,30.00,30.00,-,-
Delima Tunisia Jumbo,3 biji,-,2.00,-,-,42.00,42.00,-,-
Delima Tunisia Jumbo,6 biji,-,2.00,-,-,69.00,69.00,-,-
Delima Tunisia Jumbo,12 biji,-,3.00,-,-,110.00,110.00,-,-
,,,,,,,,
=== JUS & MINUMAN ===
Jus Delima,1 botol,-,1.50,-,-,25.00,25.00,-,-
Jus Delima,3 botol,-,2.00,-,-,49.00,49.00,-,-
Jus Delima,6 botol,-,2.00,-,-,89.00,89.00,-,-
Jus Delima,12 botol,-,3.00,-,-,159.00,159.00,-,-
Jus Delima,24 botol,-,3.00,-,-,289.00,289.00,-,-
,,,,,,,,
=== KURMA MUDA & SEGAR ===
Kurma Muda,250g,9.5,1.5,0.48,11.48,19.0,19.0,7.52,39.6%
Kurma Muda,500g,19.0,1.5,0.58,21.08,23.35,23.35,2.27,9.7%
Kurma Muda,1kg,38.0,2.0,2.0,42.0,80.0,80.0,38.0,47.5%
Kurma Muda,2kg,76.0,2.0,3.5,81.5,140.0,140.0,58.5,41.8%
Kurma Muda,3kg,114.0,2.0,2.48,118.48,99.0,99.0,-19.48,-19.7%
Kurma Muda,5kg,190.0,3.0,3.73,196.73,149.0,149.0,-47.73,-32.0%
Kurma Muda,3kg + 1kg Free,68.0,3.0,2.98,73.98,119.0,119.0,45.02,37.8%
Libya Fresh Gred 1,1kg,-,2.00,-,-,69.00,69.00,-,-
Libya Fresh Gred 1,2kg,-,2.00,-,-,109.00,109.00,-,-
Libya Fresh Gred 1,5kg,-,3.00,-,-,219.00,219.00,-,-
Libya Fresh Gred 2 (Sweet),1kg,-,2.00,-,-,69.00,69.00,-,-
Libya Fresh Gred 2 (Sweet),2kg,-,2.00,-,-,109.00,109.00,-,-
Libya Fresh Gred 2 (Sweet),5kg,-,3.00,-,-,219.00,219.00,-,-
Libya Fresh Gred 3 (Semi Dry),1kg,-,2.00,-,-,49.00,49.00,-,-
Libya Fresh Gred 3 (Semi Dry),2kg,-,2.00,-,-,59.00,59.00,-,-
Libya Fresh Gred 3 (Semi Dry),5kg,-,3.00,-,-,89.00,89.00,-,-
,,,,,,,,
=== READY TO EAT ===
Nenas Potong,1 cup 300g,-,1.50,-,-,6.00,6.00,-,-
Nenas Potong,2 cup 600g,-,2.00,-,-,11.00,11.00,-,-
Nenas Potong,3 cup 900g,-,2.00,-,-,15.00,15.00,-,-
Pulut Santan Durian,1 pack,-,2.00,-,-,39.00,39.00,-,-
Sweet Potato RTE,1 pek,-,1.50,-,-,7.00,7.00,-,-
Sweet Potato RTE,5 pek,-,2.00,-,-,25.00,25.00,-,-
Sweet Potato RTE,10 pek,-,3.00,-,-,46.00,46.00,-,-
Grilled Corn RTE,1 pek,-,1.50,-,-,7.00,7.00,-,-
Grilled Corn RTE,5 pek,-,2.00,-,-,25.00,25.00,-,-
Grilled Corn RTE,10 pek,-,3.00,-,-,46.00,46.00,-,-
Honey Sweet Potato,1 pek,-,1.50,-,-,13.00,13.00,-,-
Honey Sweet Potato,2 pek,-,2.00,-,-,22.00,22.00,-,-
Honey Sweet Potato,3 pek,-,2.00,-,-,30.00,30.00,-,-
,,,,,,,,
=== GIFT BOX & SET ===
FRUITBOX SET GWS (A),-,-,5.00,-,-,119.00,119.00,-,-
FRUITBOX SET GWS (B),-,-,5.00,-,-,59.00,59.00,-,-
